-- Тестовые данные для системы геймификации R4

-- Создаем тестовых пользователей
INSERT INTO public.user_profiles (id, auth_user_id, name) VALUES
('550e8400-e29b-41d4-a716-446655440001', '550e8400-e29b-41d4-a716-446655440001', 'Алексей Сидоров'),
('550e8400-e29b-41d4-a716-446655440002', '550e8400-e29b-41d4-a716-446655440002', 'Мария Петрова'),
('550e8400-e29b-41d4-a716-446655440003', '550e8400-e29b-41d4-a716-446655440003', 'Иван Козлов'),
('550e8400-e29b-41d4-a716-446655440004', '550e8400-e29b-41d4-a716-446655440004', 'Елена Смирнова')
ON CONFLICT (id) DO NOTHING;

-- Создаем тестовых работодателей
INSERT INTO public.employers (id, name, can_create_badges) VALUES
('550e8400-e29b-41d4-a716-446655440101', 'Кофейня "Утро"', true),
('550e8400-e29b-41d4-a716-446655440102', 'Ресторан "Вечер"', true),
('550e8400-e29b-41d4-a716-446655440103', 'Бар "Ночь"', true)
ON CONFLICT (id) DO NOTHING;

-- Создаем корпоративные бейджи
INSERT INTO public.badges (id, name, description, icon_url, category, level, is_company_generated, company_id) VALUES
('550e8400-e29b-41d4-a716-446655440201', 'Лучший бариста месяца', 'Награда за отличную работу', '🏆', 'Other', 'Gold', true, '550e8400-e29b-41d4-a716-446655440101'),
('550e8400-e29b-41d4-a716-446655440202', 'Быстрый сервис', 'За скорость обслуживания', '⚡', 'Other', 'Silver', true, '550e8400-e29b-41d4-a716-446655440102'),
('550e8400-e29b-41d4-a716-446655440203', 'Мастер коктейлей', 'Эксперт по смешиванию', '🍹', 'Hard Skills', 'Gold', true, '550e8400-e29b-41d4-a716-446655440103')
ON CONFLICT (id) DO NOTHING;

-- Присваиваем бейджи пользователям
INSERT INTO public.user_badges (badge_id, user_id, employer_id, awarded_by, reason, source) VALUES
((SELECT id FROM public.badges WHERE name = 'Barista Bronze'), '550e8400-e29b-41d4-a716-446655440001', '550e8400-e29b-41d4-a716-446655440101', '550e8400-e29b-41d4-a716-446655440001', 'Успешное завершение обучения', 'manual'),
((SELECT id FROM public.badges WHERE name = 'Team Player'), '550e8400-e29b-41d4-a716-446655440002', '550e8400-e29b-41d4-a716-446655440102', '550e8400-e29b-41d4-a716-446655440002', 'Отличная командная работа', 'manual'),
((SELECT id FROM public.badges WHERE name = 'Punctuality'), '550e8400-e29b-41d4-a716-446655440003', '550e8400-e29b-41d4-a716-446655440103', '550e8400-e29b-41d4-a716-446655440003', 'Всегда приходит вовремя', 'manual'),
('550e8400-e29b-41d4-a716-446655440201', '550e8400-e29b-41d4-a716-446655440001', '550e8400-e29b-41d4-a716-446655440101', '550e8400-e29b-41d4-a716-446655440001', 'Корпоративная награда', 'manual'),
('550e8400-e29b-41d4-a716-446655440202', '550e8400-e29b-41d4-a716-446655440002', '550e8400-e29b-41d4-a716-446655440102', '550e8400-e29b-41d4-a716-446655440002', 'Корпоративная награда', 'manual')
ON CONFLICT DO NOTHING;

-- Добавляем связи корпоративных бейджей с навыками
INSERT INTO public.badge_skill_links (badge_id, skill_name, delta) VALUES
('550e8400-e29b-41d4-a716-446655440201', 'Кофе', 25),
('550e8400-e29b-41d4-a716-446655440201', 'Обслуживание клиентов', 15),
('550e8400-e29b-41d4-a716-446655440202', 'Скорость работы', 20),
('550e8400-e29b-41d4-a716-446655440203', 'Бармен', 30),
('550e8400-e29b-41d4-a716-446655440203', 'Креативность', 15)
ON CONFLICT DO NOTHING;
